<?xml version="1.0" encoding="UTF-8"?><unload unload_date="2023-03-16 16:09:31">
<sys_remote_update_set action="INSERT_OR_UPDATE">
<application display_value="Global">global</application>
<application_name>Global</application_name>
<application_scope>global</application_scope>
<application_version/>
<collisions/>
<commit_date/>
<deleted/>
<description>Add Manufacturer to Problem form</description>
<inserted/>
<name>Add Manufacturer to PRB Form</name>
<origin_sys_id/>
<parent display_value=""/>
<release_date/>
<remote_base_update_set display_value=""/>
<remote_parent_id/>
<remote_sys_id>6823dc7697e56110d9c2ff36f053af1c</remote_sys_id>
<state>loaded</state>
<summary/>
<sys_class_name>sys_remote_update_set</sys_class_name>
<sys_created_by>admin</sys_created_by>
<sys_created_on>2023-03-16 16:09:31</sys_created_on>
<sys_id>25d31c7e97e56110d9c2ff36f053afbd</sys_id>
<sys_mod_count>0</sys_mod_count>
<sys_updated_by>admin</sys_updated_by>
<sys_updated_on>2023-03-16 16:09:31</sys_updated_on>
<update_set display_value=""/>
<update_source display_value=""/>
<updated/>
</sys_remote_update_set>
<sys_update_xml action="INSERT_OR_UPDATE">
<action>INSERT_OR_UPDATE</action>
<application display_value="Global">global</application>
<category>customer</category>
<comments/>
<name>sys_ui_section_bfb81dc9c0a8000900127627db594210</name>
<payload><![CDATA[<?xml version="1.0" encoding="UTF-8"?><record_update><sys_ui_section caption="" section_id="bfb81dc9c0a8000900127627db594210" sys_domain="global" table="problem" version="3" view=""><sys_ui_element action="INSERT_OR_UPDATE"><element>process_flow.xml</element><position>0</position><sys_created_by>admin</sys_created_by><sys_created_on>2023-03-16 16:08:23</sys_created_on><sys_id>419350be97e56110d9c2ff36f053af66</sys_id><sys_mod_count>0</sys_mod_count><sys_ui_formatter display_value="Process Flow">26d719d63b031300ad3cc9bb34efc4ff</sys_ui_formatter><sys_ui_section caption="NULL" display_value="" name="problem" sys_domain="global" view="Default view">bfb81dc9c0a8000900127627db594210</sys_ui_section><sys_updated_by>admin</sys_updated_by><sys_updated_on>2023-03-16 16:08:23</sys_updated_on><sys_user/><type>formatter</type></sys_ui_element><sys_ui_element action="INSERT_OR_UPDATE"><element>.begin_split</element><position>1</position><sys_created_by>admin</sys_created_by><sys_created_on>2023-03-16 16:08:23</sys_created_on><sys_id>499350be97e56110d9c2ff36f053af66</sys_id><sys_mod_count>0</sys_mod_count><sys_ui_formatter/><sys_ui_section caption="NULL" display_value="" name="problem" sys_domain="global" view="Default view">bfb81dc9c0a8000900127627db594210</sys_ui_section><sys_updated_by>admin</sys_updated_by><sys_updated_on>2023-03-16 16:08:23</sys_updated_on><sys_user/><type>.begin_split</type></sys_ui_element><sys_ui_element action="INSERT_OR_UPDATE"><element>number</element><position>2</position><sys_created_by>admin</sys_created_by><sys_created_on>2023-03-16 16:08:23</sys_created_on><sys_id>c99350be97e56110d9c2ff36f053af66</sys_id><sys_mod_count>0</sys_mod_count><sys_ui_formatter/><sys_ui_section caption="NULL" display_value="" name="problem" sys_domain="global" view="Default view">bfb81dc9c0a8000900127627db594210</sys_ui_section><sys_updated_by>admin</sys_updated_by><sys_updated_on>2023-03-16 16:08:23</sys_updated_on><sys_user/><type/></sys_ui_element><sys_ui_element action="INSERT_OR_UPDATE"><element>first_reported_by_task</element><position>3</position><sys_created_by>admin</sys_created_by><sys_created_on>2023-03-16 16:08:23</sys_created_on><sys_id>4d9350be97e56110d9c2ff36f053af66</sys_id><sys_mod_count>0</sys_mod_count><sys_ui_formatter/><sys_ui_section caption="NULL" display_value="" name="problem" sys_domain="global" view="Default view">bfb81dc9c0a8000900127627db594210</sys_ui_section><sys_updated_by>admin</sys_updated_by><sys_updated_on>2023-03-16 16:08:23</sys_updated_on><sys_user/><type/></sys_ui_element><sys_ui_element action="INSERT_OR_UPDATE"><element>category</element><position>4</position><sys_created_by>admin</sys_created_by><sys_created_on>2023-03-16 16:08:23</sys_created_on><sys_id>cd9350be97e56110d9c2ff36f053af66</sys_id><sys_mod_count>0</sys_mod_count><sys_ui_formatter/><sys_ui_section caption="NULL" display_value="" name="problem" sys_domain="global" view="Default view">bfb81dc9c0a8000900127627db594210</sys_ui_section><sys_updated_by>admin</sys_updated_by><sys_updated_on>2023-03-16 16:08:23</sys_updated_on><sys_user/><type/></sys_ui_element><sys_ui_element action="INSERT_OR_UPDATE"><element>subcategory</element><position>5</position><sys_created_by>admin</sys_created_by><sys_created_on>2023-03-16 16:08:23</sys_created_on><sys_id>419350be97e56110d9c2ff36f053af67</sys_id><sys_mod_count>0</sys_mod_count><sys_ui_formatter/><sys_ui_section caption="NULL" display_value="" name="problem" sys_domain="global" view="Default view">bfb81dc9c0a8000900127627db594210</sys_ui_section><sys_updated_by>admin</sys_updated_by><sys_updated_on>2023-03-16 16:08:23</sys_updated_on><sys_user/><type/></sys_ui_element><sys_ui_element action="INSERT_OR_UPDATE"><element>business_service</element><position>6</position><sys_created_by>admin</sys_created_by><sys_created_on>2023-03-16 16:08:23</sys_created_on><sys_id>c19350be97e56110d9c2ff36f053af67</sys_id><sys_mod_count>0</sys_mod_count><sys_ui_formatter/><sys_ui_section caption="NULL" display_value="" name="problem" sys_domain="global" view="Default view">bfb81dc9c0a8000900127627db594210</sys_ui_section><sys_updated_by>admin</sys_updated_by><sys_updated_on>2023-03-16 16:08:23</sys_updated_on><sys_user/><type/></sys_ui_element><sys_ui_element action="INSERT_OR_UPDATE"><element>service_offering</element><position>7</position><sys_created_by>admin</sys_created_by><sys_created_on>2023-03-16 16:08:23</sys_created_on><sys_id>459350be97e56110d9c2ff36f053af67</sys_id><sys_mod_count>0</sys_mod_count><sys_ui_formatter/><sys_ui_section caption="NULL" display_value="" name="problem" sys_domain="global" view="Default view">bfb81dc9c0a8000900127627db594210</sys_ui_section><sys_updated_by>admin</sys_updated_by><sys_updated_on>2023-03-16 16:08:23</sys_updated_on><sys_user/><type/></sys_ui_element><sys_ui_element action="INSERT_OR_UPDATE"><element>cmdb_ci</element><position>8</position><sys_created_by>admin</sys_created_by><sys_created_on>2023-03-16 16:08:23</sys_created_on><sys_id>c59350be97e56110d9c2ff36f053af67</sys_id><sys_mod_count>0</sys_mod_count><sys_ui_formatter/><sys_ui_section caption="NULL" display_value="" name="problem" sys_domain="global" view="Default view">bfb81dc9c0a8000900127627db594210</sys_ui_section><sys_updated_by>admin</sys_updated_by><sys_updated_on>2023-03-16 16:08:23</sys_updated_on><sys_user/><type/></sys_ui_element><sys_ui_element action="INSERT_OR_UPDATE"><element>.split</element><position>9</position><sys_created_by>admin</sys_created_by><sys_created_on>2023-03-16 16:08:23</sys_created_on><sys_id>499350be97e56110d9c2ff36f053af67</sys_id><sys_mod_count>0</sys_mod_count><sys_ui_formatter/><sys_ui_section caption="NULL" display_value="" name="problem" sys_domain="global" view="Default view">bfb81dc9c0a8000900127627db594210</sys_ui_section><sys_updated_by>admin</sys_updated_by><sys_updated_on>2023-03-16 16:08:23</sys_updated_on><sys_user/><type>.split</type></sys_ui_element><sys_ui_element action="INSERT_OR_UPDATE"><element>state</element><position>10</position><sys_created_by>admin</sys_created_by><sys_created_on>2023-03-16 16:08:23</sys_created_on><sys_id>c99350be97e56110d9c2ff36f053af67</sys_id><sys_mod_count>0</sys_mod_count><sys_ui_formatter/><sys_ui_section caption="NULL" display_value="" name="problem" sys_domain="global" view="Default view">bfb81dc9c0a8000900127627db594210</sys_ui_section><sys_updated_by>admin</sys_updated_by><sys_updated_on>2023-03-16 16:08:23</sys_updated_on><sys_user/><type/></sys_ui_element><sys_ui_element action="INSERT_OR_UPDATE"><element>resolution_code</element><position>11</position><sys_created_by>admin</sys_created_by><sys_created_on>2023-03-16 16:08:23</sys_created_on><sys_id>4d9350be97e56110d9c2ff36f053af67</sys_id><sys_mod_count>0</sys_mod_count><sys_ui_formatter/><sys_ui_section caption="NULL" display_value="" name="problem" sys_domain="global" view="Default view">bfb81dc9c0a8000900127627db594210</sys_ui_section><sys_updated_by>admin</sys_updated_by><sys_updated_on>2023-03-16 16:08:23</sys_updated_on><sys_user/><type/></sys_ui_element><sys_ui_element action="INSERT_OR_UPDATE"><element>duplicate_of</element><position>12</position><sys_created_by>admin</sys_created_by><sys_created_on>2023-03-16 16:08:23</sys_created_on><sys_id>cd9350be97e56110d9c2ff36f053af67</sys_id><sys_mod_count>0</sys_mod_count><sys_ui_formatter/><sys_ui_section caption="NULL" display_value="" name="problem" sys_domain="global" view="Default view">bfb81dc9c0a8000900127627db594210</sys_ui_section><sys_updated_by>admin</sys_updated_by><sys_updated_on>2023-03-16 16:08:23</sys_updated_on><sys_user/><type/></sys_ui_element><sys_ui_element action="INSERT_OR_UPDATE"><element>workaround_applied</element><position>13</position><sys_created_by>admin</sys_created_by><sys_created_on>2023-03-16 16:08:23</sys_created_on><sys_id>419350be97e56110d9c2ff36f053af68</sys_id><sys_mod_count>0</sys_mod_count><sys_ui_formatter/><sys_ui_section caption="NULL" display_value="" name="problem" sys_domain="global" view="Default view">bfb81dc9c0a8000900127627db594210</sys_ui_section><sys_updated_by>admin</sys_updated_by><sys_updated_on>2023-03-16 16:08:23</sys_updated_on><sys_user/><type/></sys_ui_element><sys_ui_element action="INSERT_OR_UPDATE"><element>impact</element><position>14</position><sys_created_by>admin</sys_created_by><sys_created_on>2023-03-16 16:08:23</sys_created_on><sys_id>c19350be97e56110d9c2ff36f053af68</sys_id><sys_mod_count>0</sys_mod_count><sys_ui_formatter/><sys_ui_section caption="NULL" display_value="" name="problem" sys_domain="global" view="Default view">bfb81dc9c0a8000900127627db594210</sys_ui_section><sys_updated_by>admin</sys_updated_by><sys_updated_on>2023-03-16 16:08:23</sys_updated_on><sys_user/><type/></sys_ui_element><sys_ui_element action="INSERT_OR_UPDATE"><element>urgency</element><position>15</position><sys_created_by>admin</sys_created_by><sys_created_on>2023-03-16 16:08:23</sys_created_on><sys_id>459350be97e56110d9c2ff36f053af68</sys_id><sys_mod_count>0</sys_mod_count><sys_ui_formatter/><sys_ui_section caption="NULL" display_value="" name="problem" sys_domain="global" view="Default view">bfb81dc9c0a8000900127627db594210</sys_ui_section><sys_updated_by>admin</sys_updated_by><sys_updated_on>2023-03-16 16:08:23</sys_updated_on><sys_user/><type/></sys_ui_element><sys_ui_element action="INSERT_OR_UPDATE"><element>priority</element><position>16</position><sys_created_by>admin</sys_created_by><sys_created_on>2023-03-16 16:08:23</sys_created_on><sys_id>c59350be97e56110d9c2ff36f053af68</sys_id><sys_mod_count>0</sys_mod_count><sys_ui_formatter/><sys_ui_section caption="NULL" display_value="" name="problem" sys_domain="global" view="Default view">bfb81dc9c0a8000900127627db594210</sys_ui_section><sys_updated_by>admin</sys_updated_by><sys_updated_on>2023-03-16 16:08:23</sys_updated_on><sys_user/><type/></sys_ui_element><sys_ui_element action="INSERT_OR_UPDATE"><element>assignment_group</element><position>17</position><sys_created_by>admin</sys_created_by><sys_created_on>2023-03-16 16:08:23</sys_created_on><sys_id>499350be97e56110d9c2ff36f053af68</sys_id><sys_mod_count>0</sys_mod_count><sys_ui_formatter/><sys_ui_section caption="NULL" display_value="" name="problem" sys_domain="global" view="Default view">bfb81dc9c0a8000900127627db594210</sys_ui_section><sys_updated_by>admin</sys_updated_by><sys_updated_on>2023-03-16 16:08:23</sys_updated_on><sys_user/><type/></sys_ui_element><sys_ui_element action="INSERT_OR_UPDATE"><element>assigned_to</element><position>18</position><sys_created_by>admin</sys_created_by><sys_created_on>2023-03-16 16:08:23</sys_created_on><sys_id>c99350be97e56110d9c2ff36f053af68</sys_id><sys_mod_count>0</sys_mod_count><sys_ui_formatter/><sys_ui_section caption="NULL" display_value="" name="problem" sys_domain="global" view="Default view">bfb81dc9c0a8000900127627db594210</sys_ui_section><sys_updated_by>admin</sys_updated_by><sys_updated_on>2023-03-16 16:08:23</sys_updated_on><sys_user/><type/></sys_ui_element><sys_ui_element action="INSERT_OR_UPDATE"><element>service_offering.manufacturer</element><position>19</position><sys_created_by>admin</sys_created_by><sys_created_on>2023-03-16 16:08:23</sys_created_on><sys_id>4d9350be97e56110d9c2ff36f053af68</sys_id><sys_mod_count>0</sys_mod_count><sys_ui_formatter/><sys_ui_section caption="NULL" display_value="" name="problem" sys_domain="global" view="Default view">bfb81dc9c0a8000900127627db594210</sys_ui_section><sys_updated_by>admin</sys_updated_by><sys_updated_on>2023-03-16 16:08:23</sys_updated_on><sys_user/><type/></sys_ui_element><sys_ui_element action="INSERT_OR_UPDATE"><element>.end_split</element><position>20</position><sys_created_by>admin</sys_created_by><sys_created_on>2023-03-16 16:08:23</sys_created_on><sys_id>cd9350be97e56110d9c2ff36f053af68</sys_id><sys_mod_count>0</sys_mod_count><sys_ui_formatter/><sys_ui_section caption="NULL" display_value="" name="problem" sys_domain="global" view="Default view">bfb81dc9c0a8000900127627db594210</sys_ui_section><sys_updated_by>admin</sys_updated_by><sys_updated_on>2023-03-16 16:08:23</sys_updated_on><sys_user/><type>.end_split</type></sys_ui_element><sys_ui_element action="INSERT_OR_UPDATE"><element>short_description</element><position>21</position><sys_created_by>admin</sys_created_by><sys_created_on>2023-03-16 16:08:23</sys_created_on><sys_id>419350be97e56110d9c2ff36f053af69</sys_id><sys_mod_count>0</sys_mod_count><sys_ui_formatter/><sys_ui_section caption="NULL" display_value="" name="problem" sys_domain="global" view="Default view">bfb81dc9c0a8000900127627db594210</sys_ui_section><sys_updated_by>admin</sys_updated_by><sys_updated_on>2023-03-16 16:08:23</sys_updated_on><sys_user/><type/></sys_ui_element><sys_ui_element action="INSERT_OR_UPDATE"><element>description</element><position>22</position><sys_created_by>admin</sys_created_by><sys_created_on>2023-03-16 16:08:23</sys_created_on><sys_id>c19350be97e56110d9c2ff36f053af69</sys_id><sys_mod_count>0</sys_mod_count><sys_ui_formatter/><sys_ui_section caption="NULL" display_value="" name="problem" sys_domain="global" view="Default view">bfb81dc9c0a8000900127627db594210</sys_ui_section><sys_updated_by>admin</sys_updated_by><sys_updated_on>2023-03-16 16:08:23</sys_updated_on><sys_user/><type/></sys_ui_element><sys_ui_element action="INSERT_OR_UPDATE"><element>cxs_table_search.xml</element><position>23</position><sys_created_by>admin</sys_created_by><sys_created_on>2023-03-16 16:08:23</sys_created_on><sys_id>459350be97e56110d9c2ff36f053af69</sys_id><sys_mod_count>0</sys_mod_count><sys_ui_formatter display_value="Contextual Search Results">11eb1622eb1121003623666cd206fe56</sys_ui_formatter><sys_ui_section caption="NULL" display_value="" name="problem" sys_domain="global" view="Default view">bfb81dc9c0a8000900127627db594210</sys_ui_section><sys_updated_by>admin</sys_updated_by><sys_updated_on>2023-03-16 16:08:23</sys_updated_on><sys_user/><type>formatter</type></sys_ui_element><sys_ui_section action="INSERT_OR_UPDATE"><caption/><header>false</header><name>problem</name><roles/><sys_class_name>sys_ui_section</sys_class_name><sys_created_by>pat</sys_created_by><sys_created_on>2004-07-14 22:14:00</sys_created_on><sys_domain>global</sys_domain><sys_domain_path/><sys_id>bfb81dc9c0a8000900127627db594210</sys_id><sys_mod_count>0</sys_mod_count><sys_name>problem</sys_name><sys_overrides/><sys_package display_value="Problem Management Best Practice - Madrid - State Model" source="com.snc.best_practice.problem.madrid.state_model">3332fd24a924211076daa554cb57d9d4</sys_package><sys_policy/><sys_scope display_value="Global">global</sys_scope><sys_update_name>sys_ui_section_bfb81dc9c0a8000900127627db594210</sys_update_name><sys_updated_by>system_bootstrap</sys_updated_by><sys_updated_on>2004-12-13 18:05:34</sys_updated_on><sys_user/><title>true</title><view display_value="Default view" name="NULL">Default view</view><view_name/></sys_ui_section></sys_ui_section></record_update>]]></payload>
<payload_hash>-298570519</payload_hash>
<remote_update_set display_value="Add Manufacturer to PRB Form">25d31c7e97e56110d9c2ff36f053afbd</remote_update_set>
<replace_on_upgrade>false</replace_on_upgrade>
<sys_created_by>admin</sys_created_by>
<sys_created_on>2023-03-16 16:09:31</sys_created_on>
<sys_id>29d31c7e97e56110d9c2ff36f053afbd</sys_id>
<sys_mod_count>0</sys_mod_count>
<sys_recorded_at>186eb2df82b0000001</sys_recorded_at>
<sys_updated_by>admin</sys_updated_by>
<sys_updated_on>2023-03-16 16:09:31</sys_updated_on>
<table>problem</table>
<target_name>Problem</target_name>
<type>Form Layout</type>
<update_domain>global</update_domain>
<update_guid>419350be47e561109293e13e1390e56c</update_guid>
<update_guid_history>419350be47e561109293e13e1390e56c:-298570519,859350bebfe56110efe6880d20266960:1132649346</update_guid_history>
<update_set display_value=""/>
<view/>
</sys_update_xml>
</unload>
